experiment,seed,stored_records_control,stored_records_treatment,graph_edges,queries,control_retrieval_accuracy,treatment_retrieval_accuracy,accuracy_delta,compression_ratio,control_utility,treatment_utility,control_lowhazard_risky_rate,treatment_lowhazard_risky_rate,control_missed,treatment_missed,treatment_forgotten,peak_pending,mean_best_latent_diagnosticity,control_best_estimated_reward,treatment_best_estimated_reward,control_states_visited,treatment_states_visited,true_elite_count,control_accuracy,treatment_accuracy,reversal_accuracy_with_stale_intuition,intuition_use_rate,source_compatibility_score,incompatible_source_score,gated_incompatible_accuracy,incompatible_source_used,agents,malicious_or_low_reliability_agents,control_safe_false_reject,treatment_safe_false_reject,control_execution_rate,treatment_execution_rate,mean_weighted_correction_step,tasks,replay_extra_examples_per_task,dream_extra_examples_per_task,dream_validator_error_rate,rejection_rate,control_unsafe_imitation_rate,treatment_unsafe_imitation_rate,misaligned_control_utility,misaligned_precedence_utility,partner_state_inference_accuracy,induced_prior_accuracy,fixed_risk,fixed_curiosity,control_goal_completion_rate,treatment_goal_completion_rate,control_suboptimal_resolution_rate,treatment_suboptimal_resolution_rate,false_survival_bypass_rate_non_threat,override_activation_rate
tadm_sparse,91001,214.0,214.0,,,,,,,,,,,,,,,,,,,,,,,,,,,,,,,,,,,,,,,,,,,,,,,,,,,,,,
tadm_sparse,91039,214.0,214.0,,,,,,,,,,,,,,,,,,,,,,,,,,,,,,,,,,,,,,,,,,,,,,,,,,,,,,
emg_multihop,91001,,,235.0,55.0,,,,,,,,,,,,,,,,,,,,,,,,,,,,,,,,,,,,,,,,,,,,,,,,,,,,
emg_multihop,91039,,,235.0,55.0,,,,,,,,,,,,,,,,,,,,,,,,,,,,,,,,,,,,,,,,,,,,,,,,,,,,
dream_consolidation,91001,,,,,0.9416666666666667,1.0,0.05833333333333335,0.12160804020100502,,,,,,,,,,,,,,,,,,,,,,,,,,,,,,,,,,,,,,,,,,,,,,,,
dream_consolidation,91039,,,,,0.9666666666666667,1.0,0.033333333333333326,0.11793372319688109,,,,,,,,,,,,,,,,,,,,,,,,,,,,,,,,,,,,,,,,,,,,,,,,
pad_risk,91001,,,,,,,,,0.31713562102707366,0.3332632740743837,0.7903225806451613,0.7419354838709677,,,,,,,,,,,,,,,,,,,,,,,,,,,,,,,,,,,,,,,,,,,,
pad_risk,91039,,,,,,,,,0.30952481900427464,0.32735121782910825,0.7555555555555555,0.7222222222222222,,,,,,,,,,,,,,,,,,,,,,,,,,,,,,,,,,,,,,,,,,,,
tam_postpone,91001,,,,,,,,,,,,,40.0,38.0,3.0,40.0,,,,,,,,,,,,,,,,,,,,,,,,,,,,,,,,,,,,,,,,
tam_postpone,91039,,,,,,,,,,,,,35.0,31.0,5.0,46.0,,,,,,,,,,,,,,,,,,,,,,,,,,,,,,,,,,,,,,,,
auto_cue,91001,,,,,,,,,,,,,,,,,0.776339315875889,,,,,,,,,,,,,,,,,,,,,,,,,,,,,,,,,,,,,,,
auto_cue,91039,,,,,,,,,,,,,,,,,0.7771842002449487,,,,,,,,,,,,,,,,,,,,,,,,,,,,,,,,,,,,,,,
curiosity,91001,,,,,,,,,,,,,,,,,,0.9393939393939394,0.8461538461538461,7.0,12.0,6.0,,,,,,,,,,,,,,,,,,,,,,,,,,,,,,,,,,
curiosity,91039,,,,,,,,,,,,,,,,,,0.5142857142857142,1.0,8.0,18.0,6.0,,,,,,,,,,,,,,,,,,,,,,,,,,,,,,,,,,
intuition,91001,,,,,,,,,,,,,,,,,,,,,,,1.0,0.968,0.742,0.639,,,,,,,,,,,,,,,,,,,,,,,,,,,,,,
intuition,91039,,,,,,,,,,,,,,,,,,,,,,,1.0,0.97,0.855,0.557,,,,,,,,,,,,,,,,,,,,,,,,,,,,,,
bootstrapping,91001,,,,,,,,,,,,,,,,,,,,,,,,,,,0.8888888888888888,0.1111111111111111,0.7085714285714285,0.0,,,,,,,,,,,,,,,,,,,,,,,,,,
bootstrapping,91039,,,,,,,,,,,,,,,,,,,,,,,,,,,0.8333333333333334,0.16666666666666666,0.6742857142857143,0.0,,,,,,,,,,,,,,,,,,,,,,,,,,
shared_gltm,91001,,,,,,,,,,,,,,,,,,,,,,,,,,,,,,,7.0,1.0,,,,,,,,,,,,,,,,,,,,,,,,
shared_gltm,91039,,,,,,,,,,,,,,,,,,,,,,,,,,,,,,,7.0,1.0,,,,,,,,,,,,,,,,,,,,,,,,
validator_reflection,91001,,,,,,,,,,,,,,,,,,,,,,,,,,,,,,,,,0.08883333333333333,0.1315,0.7528333333333334,0.6956666666666667,,,,,,,,,,,,,,,,,,,,
validator_reflection,91039,,,,,,,,,,,,,,,,,,,,,,,,,,,,,,,,,0.08366666666666667,0.1275,0.7521666666666667,0.6923333333333334,,,,,,,,,,,,,,,,,,,,
truth_conflict,91001,,,,,,,,,,,,,,,,,,,,,,,,,,,,,,,,,,,,,1.9333333333333333,,,,,,,,,,,,,,,,,,,
truth_conflict,91039,,,,,,,,,,,,,,,,,,,,,,,,,,,,,,,,,,,,,2.0055555555555555,,,,,,,,,,,,,,,,,,,
dream_rehearsal,91001,,,,,,,,,,,,,,,,,,,,,,,,,,,,,,,,,,,,,,8.0,3.0,3.0,0.16666666666666666,,,,,,,,,,,,,,,
dream_rehearsal,91039,,,,,,,,,,,,,,,,,,,,,,,,,,,,,,,,,,,,,,8.0,3.0,3.0,0.16666666666666666,,,,,,,,,,,,,,,
gigo_filter,91001,,,,,,,,,,,,,,,,,,,,,,,,,,,,,,,,,,,,,,,,,,0.26904761904761904,,,,,,,,,,,,,,
gigo_filter,91039,,,,,,,,,,,,,,,,,,,,,,,,,,,,,,,,,,,,,,,,,,0.28095238095238095,,,,,,,,,,,,,,
mimic_safety,91001,,,,,,,,,,,,,,,,,,,,,,,,,,,,,,,,,,,,,,,,,,,0.37777777777777777,0.0,,,,,,,,,,,,
mimic_safety,91039,,,,,,,,,,,,,,,,,,,,,,,,,,,,,,,,,,,,,,,,,,,0.2222222222222222,0.0,,,,,,,,,,,,
recall_precedence,91001,,,,,,,,,,,,,,,,,,,,,,,,,,,,,,,,,,,,,,,,,,,,,0.6265642966344619,0.3514346839200033,,,,,,,,,,
recall_precedence,91039,,,,,,,,,,,,,,,,,,,,,,,,,,,,,,,,,,,,,,,,,,,,,0.6404335633522189,0.35311431091268425,,,,,,,,,,
empathy_proxy,91001,,,,,,,,,,,,,,,,,,,,,,,,,,,,,,,,,,,,,,,,,,,,,,,0.9542857142857143,,,,,,,,,
empathy_proxy,91039,,,,,,,,,,,,,,,,,,,,,,,,,,,,,,,,,,,,,,,,,,,,,,,0.96,,,,,,,,,
bias_mitigation,91001,,,,,,,,,,,,,,,,,,,,,,,,,,,,,,,,,,,,,,,,,,,,,,,,0.49166666666666664,,,,,,,,
bias_mitigation,91039,,,,,,,,,,,,,,,,,,,,,,,,,,,,,,,,,,,,,,,,,,,,,,,,0.5,,,,,,,,
character_consistency,91001,,,,,,,,,,,,,,,,,,,,,,,,,,,,,,,,,,,,,,,,,,,,,,,,,0.4279163497311435,0.7303397382416321,,,,,,
character_consistency,91039,,,,,,,,,,,,,,,,,,,,,,,,,,,,,,,,,,,,,,,,,,,,,,,,,0.7053642710723966,0.3395450544030248,,,,,,
purpose_planning,91001,,,,,,,,,,,,,,,,,,,,,,,,,,,,,,,,,,,,,,,,,,,,,,,,,,,0.05909090909090909,0.9136363636363637,,,,
purpose_planning,91039,,,,,,,,,,,,,,,,,,,,,,,,,,,,,,,,,,,,,,,,,,,,,,,,,,,0.04090909090909091,0.9318181818181818,,,,
negotiation,91001,,,,,,,,,,,,,,,,,,,,,,,,,,,,,,,,,,,,,,,,,,,,,,,,,,,,,0.48777777777777775,0.08444444444444445,,
negotiation,91039,,,,,,,,,,,,,,,,,,,,,,,,,,,,,,,,,,,,,,,,,,,,,,,,,,,,,0.4911111111111111,0.08,,
survival_override,91001,,,,,,,,,,,,,,,,,,,,,,,,,,,,,,,,,,,,,,,,,,,,,,,,,,,,,,,0.0016666666666666668,0.2588888888888889
survival_override,91039,,,,,,,,,,,,,,,,,,,,,,,,,,,,,,,,,,,,,,,,,,,,,,,,,,,,,,,0.0011111111111111111,0.2633333333333333
